rank,player,position,team,gp,mp,fg_pct,ft_pct,3pm,pts,rb,ast,stl,blk,value
1,Nikola Jokic,C,DEN,74,33.5,0.577 (10.1/17.4),0.831 (5.0/6.0),1.2,26.3,13.8,8.4,1.4,0.9,16.45
2,Kevin Durant,"SF,PF",BRO,68,35.7,0.517 (10.3/19.8),0.907 (6.6/7.3),2.1,29.2,7.2,6.3,0.9,0.9,13.44
3,Joel Embiid,"PF,C",PHI,68,33.8,0.495 (9.8/19.8),0.821 (9.5/11.6),1.3,30.4,11.9,4,1.1,1.5,12.88
4,James Harden,"PG,SG",PHI,70,36.4,0.446 (6.3/14.2),0.868 (7.2/8.2),2.3,22.1,7.5,10.2,1.3,0.6,11.62
5,Giannis Antetokounmpo,"PF,C",MIL,68,32.8,0.551 (10.4/18.8),0.728 (8.4/11.6),1.1,30.3,11.8,5.9,1.1,1.4,10.41
6,Stephen Curry,PG,GSW,64,34.4,0.441 (8.1/18.4),0.914 (4.4/4.8),4.6,25.1,5.3,6.4,1.2,0.4,10.13
7,LeBron James,"SF,PF",LAL,68,33.4,0.523 (10.4/19.9),0.750 (4.1/5.5),2.7,27.6,7.5,6.1,1.2,1,10.11
8,Luka Doncic,"PG,SG",DAL,69,35.4,0.459 (10.7/23.2),0.749 (5.7/7.7),3.2,30.2,9.4,8.9,1.2,0.6,9.4
9,Karl-Anthony Towns,"PF,C",MIN,74,33.5,0.514 (8.1/15.7),0.833 (5.0/6.0),2.2,23.4,8.7,3.7,1,1,9.2
10,Trae Young,PG,ATL,76,34.2,0.452 (9.0/20.0),0.905 (6.4/7.0),3,27.4,3.7,8.7,0.9,0.1,9.14
11,Kyrie Irving,"PG,SG",BRO,59,36.4,0.470 (9.7/20.7),0.912 (4.1/4.4),3.1,26.6,4,5.2,1.2,0.6,8.88
12,LaMelo Ball,"PG,SG",CHA,76,33.4,0.431 (7.7/17.8),0.875 (2.9/3.4),3.1,21.3,6.9,8.2,1.6,0.4,8.76
13,Damian Lillard ,PG,POR,68,36.5,0.439 (8.0/18.2),0.892 (6.0/6.7),3.5,25.5,4.2,7.5,0.9,0.3,8.6
14,Jayson Tatum,"SF,PF",BOS,74,36,0.452 (9.5/21.0),0.856 (5.4/6.3),3.1,27.5,8.2,4.6,1,0.6,8.56
15,Tyrese Haliburton,"PG,SG",IND,75,34.7,0.472 (6.7/14.2),0.856 (3.0/3.5),2.2,18.7,4.1,9,1.6,0.6,8.39
16,Anthony Davis,"PF,C",LAL,64,35.1,0.535 (9.5/17.8),0.722 (4.5/6.2),0.3,23.8,10.1,3.2,1.2,2,8.25
17,Paul George,"SF,PF",LAC,68,34.1,0.457 (8.3/18.1),0.854 (4.1/4.8),2.9,23.5,6.9,4.7,1.6,0.4,8.12
18,Kawhi Leonard ,"SG,SF",LAC,60,32,0.495 (8.5/17.2),0.877 (4.8/5.5),1.7,23.5,6,4.4,1.4,0.4,7.92
19,Devin Booker,"SG,SF",PHX,70,34.5,0.471 (9.9/21.0),0.867 (4.7/5.4),2.8,27.2,5.2,4.9,1.1,0.4,7.72
20,Jimmy Butler,"SF,PF",MIA,58,33.9,0.478 (7.0/14.7),0.860 (6.7/7.8),0.5,21.3,6,5.3,1.6,0.5,7.31
21,Khris Middleton ,"SF,PF",MIL,68,32.4,0.473 (7.1/15.0),0.888 (4.0/4.5),2.5,20.7,5.5,5.5,1.2,0.3,7.03
22,Robert Williams,C,BOS,60,29.8,0.722 (4.5/6.2),0.734 (1.1/1.5),0,10,9.9,2.1,0.9,2.2,6.88
23,Bam Adebayo,C,MIA,72,33.6,0.557 (7.6/13.7),0.760 (4.7/6.2),0,19.9,10.5,3.7,1.3,1,6.68
24,Domantas Sabonis,"PF,C",SAC,69,34.5,0.560 (7.3/13.1),0.747 (3.8/5.1),0.6,19.1,11.8,5.5,1,0.5,6.52
25,DeMar DeRozan,"SF,PF",CHI,77,35.7,0.494 (9.3/18.7),0.871 (6.8/7.9),0.7,26.1,5.1,4.9,0.9,0.3,6.46
26,Chris Paul,PG,PHX,65,31.4,0.496 (5.4/11.0),0.837 (2.5/3.0),1,14.4,4.2,10.5,1.6,0.3,6.38
27,Kristaps Porzingis,"PF,C",WAS,60,29.4,0.460 (7.0/15.2),0.868 (5.0/5.8),1.6,20.6,8.1,1.8,0.7,1.5,6.37
28,Shai Gilgeous-Alexander,"PG,SG",OKL,69,34.7,0.468 (8.6/18.4),0.808 (6.0/7.4),1.6,24.9,5.1,5.7,1.2,0.8,6.37
29,Darius Garland,PG,CLE,72,35.2,0.466 (7.7/16.4),0.900 (3.0/3.3),2.4,20.7,3.1,8,1.3,0.1,6.29
30,Fred VanVleet,PG,TOR,65,36.7,0.403 (6.7/16.6),0.871 (3.0/3.4),3.6,20,4.4,6.6,1.5,0.5,6.28
31,Myles Turner,C,IND,68,31.3,0.485 (5.2/10.7),0.760 (2.1/2.7),1.6,14.1,8.1,1.1,0.8,2.7,6.05
32,Jrue Holiday,"PG,SG",MIL,67,32.9,0.500 (7.0/14.0),0.764 (2.1/2.8),2,18.2,4.6,6.9,1.6,0.4,5.99
33,Donovan Mitchell,"PG,SG",CLE,70,33.9,0.451 (8.6/19.0),0.852 (3.7/4.4),3.3,24.2,3.9,5,1.4,0.2,5.88
34,Ja Morant,PG,MEM,67,33,0.485 (10.4/21.5),0.754 (5.6/7.4),1.6,28,5.9,7.1,1.1,0.4,5.48
35,Bradley Beal ,SG,WAS,68,35.6,0.464 (9.0/19.3),0.825 (4.2/5.1),2.1,24.3,4.8,5.4,1.2,0.4,5.44
36,Rudy Gobert,C,MIN,71,32.1,0.717 (5.4/7.5),0.681 (4.1/6.0),0,14.8,13,1.1,0.6,2,5.35
37,Zach LaVine ,"SG,SF",CHI,70,34.2,0.489 (8.5/17.5),0.834 (4.7/5.6),2.8,24.6,4.6,4.5,0.6,0.3,5.1
38,Cade Cunningham,"PG,SG",DET,72,33.8,0.423 (7.7/18.1),0.846 (2.5/2.9),2,19.8,6.2,6.3,1.2,0.8,4.99
39,Jarrett Allen,C,CLE,73,32.3,0.658 (6.5/9.8),0.715 (3.0/4.2),0,15.9,10.4,1.6,0.8,1.3,4.96
40,Deandre Ayton,C,PHX,70,30.7,0.634 (8.0/12.7),0.720 (1.9/2.6),0.1,18.1,10.7,1.5,0.7,0.7,4.85
41,Terry Rozier,"PG,SG",CHA,73,34.1,0.442 (7.7/17.5),0.852 (2.4/2.8),3.1,21,4.4,4.6,1.3,0.3,4.67
42,Anthony Edwards,"SG,SF",MIN,72,35.2,0.440 (8.0/18.1),0.794 (3.2/4.1),3.1,22.3,4,4,1.4,0.6,4.6
43,Nikola Vucevic,C,CHI,74,31.7,0.474 (7.3/15.4),0.765 (1.3/1.7),1.4,17.2,10.6,3.1,1,1,4.58
44,Desmond Bane,"SG,SF",MEM,76,30.1,0.463 (7.0/15.2),0.898 (1.9/2.1),3.1,19,4.5,2.8,1.2,0.4,4.36
45,Dejounte Murray,"PG,SG",ATL,70,33.8,0.460 (7.4/16.0),0.806 (2.5/3.0),1.2,18.4,5.7,5.6,1.8,0.3,4.35
46,Jaylen Brown,"SG,SF",BOS,71,34,0.473 (9.0/18.9),0.771 (3.8/4.9),2.6,24.3,6.3,3.6,1.1,0.3,4.23
47,Pascal Siakam,"PF,C",TOR,70,37.2,0.475 (8.4/17.6),0.749 (4.2/5.6),1.1,22,8.3,5,1.2,0.6,4.18
48,Kyle Lowry,PG,MIA,65,34.2,0.437 (5.0/11.3),0.858 (2.5/2.9),2.4,14.8,4.6,7.3,1.1,0.3,4.14
49,Jaren Jackson Jr. ,"PF,C",MEM,44,27,0.423 (5.6/13.1),0.818 (3.6/4.4),1.6,16.3,5.9,1.1,0.9,2.2,4.09
50,Jonas Valanciunas,C,NOP,74,30,0.544 (6.5/12.0),0.818 (3.0/3.7),0.8,16.8,10.7,1.7,0.6,0.8,4
51,Evan Mobley,"PF,C",CLE,74,34.8,0.506 (6.6/13.0),0.692 (2.7/3.9),0.4,16.3,8.9,2.7,0.8,1.9,3.74
52,Jordan Poole,"PG,SG",GSW,77,30.1,0.451 (6.5/14.5),0.913 (3.3/3.6),2.9,19.1,3.5,4.1,0.8,0.3,3.71
53,De'Aaron Fox,PG,SAC,67,35.4,0.477 (9.0/18.9),0.749 (4.5/6.0),1.5,24,4,6.5,1.2,0.4,3.59
54,John Collins,"PF,C",ATL,72,30.8,0.520 (6.2/12.0),0.807 (2.6/3.2),1.2,16.3,8,1.8,0.6,1,3.27
55,Julius Randle,PF,NYK,72,34.6,0.449 (7.2/16.1),0.785 (4.1/5.3),1.7,20.2,9.5,4.4,0.7,0.5,3.09
56,Scottie Barnes,"SF,PF",TOR,74,35.4,0.492 (6.8/13.8),0.747 (2.2/3.0),1,16.8,7.7,3.6,1.1,0.7,3.05
57,CJ McCollum,"PG,SG",NOP,69,34.7,0.462 (8.9/19.2),0.705 (1.9/2.8),3,22.6,4.5,4.2,1.1,0.4,3.02
58,Draymond Green,"PF,C",GSW,64,28.8,0.519 (2.9/5.7),0.650 (1.3/2.0),0.4,7.6,7.3,6.8,1.3,1,2.88
59,Brandon Ingram ,"SF,PF",NOP,62,34.1,0.458 (8.4/18.3),0.814 (4.9/6.0),1.4,23.1,5.9,4.7,0.6,0.5,2.88
60,Gordon Hayward ,"SF,PF",CHA,60,32.2,0.461 (6.5/14.1),0.844 (3.0/3.5),2,18,4.7,3.7,1,0.4,2.85
61,Tyler Herro,"PG,SG",MIA,68,33.3,0.442 (7.8/17.7),0.878 (3.0/3.4),2.7,21.4,5.2,4.2,0.7,0.1,2.79
62,Tyrese Maxey,"PG,SG",PHI,74,35.4,0.477 (7.0/14.6),0.849 (2.9/3.4),1.8,18.6,3.3,4.4,0.9,0.4,2.7
63,Mikal Bridges,"SG,SF",PHX,80,34.9,0.531 (6.1/11.4),0.842 (1.9/2.2),1.4,15.4,4.3,2.4,1.2,0.4,2.69
64,Jamal Murray ,"PG,SG",DEN,62,30.5,0.463 (6.8/14.7),0.861 (2.4/2.8),2.4,18.3,3.6,4.2,1,0.3,2.69
65,Michael Porter Jr. ,"SF,PF",DEN,61,31.4,0.482 (6.8/14.1),0.785 (1.5/1.9),1.9,17,6.7,1.8,1,0.7,2.66
66,PJ Washington,"PF,C",CHA,72,30.6,0.467 (5.0/10.7),0.729 (1.2/1.7),1.9,13.1,6.2,2.8,1.1,1.1,2.6
67,D'Angelo Russell,"PG,SG",MIN,65,32,0.422 (6.0/14.3),0.801 (3.0/3.8),2.6,17.7,3.4,7,1,0.3,2.56
68,OG Anunoby,"SG,SF",TOR,67,36,0.442 (6.5/14.8),0.761 (1.9/2.6),2.5,17.5,5.6,2.7,1.4,0.5,2.45
69,Brandon Clarke,"SF,PF",MEM,70,26.4,0.623 (6.0/9.7),0.668 (1.7/2.6),0.1,13.9,7,1.8,0.8,1.2,2.42
70,Zion Williamson,PF,NOP,61,33.1,0.587 (9.5/16.2),0.701 (6.2/8.8),0.2,25.5,7.3,3.1,0.8,0.5,2.39
71,Tobias Harris,"SF,PF",PHI,73,33,0.486 (6.6/13.5),0.859 (2.3/2.7),1.4,16.8,6.6,3.4,0.6,0.6,2.35
72,Keegan Murray,"SF,PF",SAC,72,30,0.551 (6.0/10.9),0.761 (2.8/3.7),1.3,16.2,6,1,0.7,1,2.29
73,Ivica Zubac,C,LAC,76,28,0.631 (4.8/7.6),0.735 (2.6/3.5),0,12.2,9.1,1.9,0.6,1.2,2.25
74,Devin Vassell,"SG,SF",SAS,71,31.3,0.447 (6.1/13.6),0.854 (1.4/1.6),2.2,15.8,5,2.4,1.1,0.7,2.19
75,Jerami Grant,PF,POR,70,33.9,0.447 (5.8/12.9),0.837 (3.0/3.6),1.7,16.2,4.1,2.1,1,1.1,2.14
76,Ben Simmons ,PG,BRO,68,33.1,0.508 (5.1/10.0),0.689 (3.1/4.5),0.1,13.4,7.3,6,1.5,0.6,2.06
77,Alperen Sengun,C,HOU,76,30.1,0.471 (5.2/11.0),0.718 (3.4/4.7),0.6,14.3,8.3,3.8,1,1.2,2.02
78,Wendell Carter Jr.,"PF,C",ORL,66,30.3,0.525 (5.8/11.0),0.723 (2.2/3.1),1,14.8,9.9,2.4,0.6,0.7,1.95
79,Onyeka Okongwu,C,ATL,70,23.1,0.643 (4.2/6.5),0.760 (2.0/2.6),0,10.4,6.7,1.3,0.7,1.5,1.92
80,Marcus Smart,"PG,SG",BOS,70,31.4,0.416 (4.2/10.0),0.798 (1.8/2.2),1.6,11.7,3.8,5.8,1.7,0.3,1.88
81,Buddy Hield,"SG,SF",IND,78,31.8,0.421 (6.0/14.2),0.875 (1.5/1.7),3.4,16.8,4.5,3,1,0.3,1.79
82,Josh Giddey,"SG,SF",OKL,64,32.5,0.426 (6.0/14.1),0.737 (1.3/1.8),1.2,14.5,8.2,6.7,1,0.4,1.79
83,Jalen Brunson,"PG,SG",NYK,77,33.9,0.478 (6.9/14.5),0.833 (2.5/3.0),1.3,17.6,3.6,6.5,0.9,0,1.71
84,Lauri Markkanen,"SF,PF",UTA,65,32.3,0.445 (6.4/14.3),0.843 (2.5/2.9),2.5,17.7,6.4,1.5,0.8,0.5,1.68
85,Jakob Poeltl,C,SAS,68,28.7,0.613 (6.1/9.9),0.473 (1.4/3.0),0,13.5,9.5,2.8,0.7,1.7,1.62
86,Keldon Johnson,"SF,PF",SAS,75,33.5,0.465 (7.2/15.5),0.774 (3.3/4.2),2.4,20.1,6.5,2.3,0.9,0.2,1.59
87,Kevin Porter Jr.,PG,HOU,61,31.3,0.423 (6.0/14.2),0.708 (2.3/3.3),2.6,16.9,4.5,6.3,1.1,0.4,1.54
88,Jusuf Nurkic ,C,POR,65,28.2,0.515 (5.2/10.1),0.677 (3.0/4.5),0.3,13.8,10.9,2.6,1.1,0.8,1.53
89,Gary Trent Jr.,"PG,SG",TOR,70,35,0.413 (6.5/15.8),0.836 (2.3/2.8),3,18.4,2.9,2,1.5,0.3,1.49
90,Paolo Banchero,PF,ORL,73,31.8,0.470 (6.6/14.1),0.729 (3.5/4.8),1.1,17.9,7.7,3.2,0.8,0.9,1.49
91,Lonzo Ball ,"PG,SG",CHI,50,30.4,0.411 (3.8/9.3),0.745 (0.4/0.5),2.3,10.3,4.4,4.6,1.3,0.6,1.48
92,Al Horford,"PF,C",BOS,67,27.1,0.470 (3.7/7.9),0.814 (1.1/1.4),1.2,9.8,6.9,3.2,0.7,1.1,1.47
93,Franz Wagner,"SF,PF",ORL,80,31.2,0.460 (6.5/14.1),0.870 (2.5/2.9),1.4,16.8,4.7,3,0.9,0.4,1.44
94,Brook Lopez,C,MIL,70,26.7,0.477 (4.6/9.6),0.886 (1.8/2.0),1.4,12.3,4.9,0.6,0.7,1.3,1.34
95,Saddiq Bey,"SF,PF",DET,80,33.4,0.416 (6.0/14.4),0.838 (2.7/3.2),2.9,17.5,5.6,2.9,0.9,0.2,1.34
96,Christian Wood,"PF,C",DAL,72,29.6,0.504 (6.2/12.4),0.644 (2.9/4.5),1.7,17.1,9.4,2,0.8,1,1.31
97,Jabari Smith Jr,PF,HOU,73,28.8,0.448 (5.8/13.0),0.770 (3.5/4.6),1.3,16.5,7.4,1.5,0.8,1.1,1.28
98,Klay Thompson,"SG,SF",GSW,69,30.4,0.430 (7.8/18.0),0.870 (1.4/1.6),3.5,20.4,3.9,2.8,0.5,0.5,1.25
99,Isaiah Hartenstein,C,NYK,69,21.1,0.618 (4.1/6.7),0.684 (1.6/2.3),0.2,10,5.9,2.6,0.8,1.2,1.25
100,Mike Conley,PG,UTA,64,27.2,0.437 (4.6/10.6),0.821 (1.7/2.1),2.3,13.3,3,5.1,1.1,0.3,1.25
101,Robert Covington,"SF,PF",LAC,72,26,0.415 (2.8/6.8),0.804 (0.8/1.0),1.8,8.2,5.4,1.3,1.3,1.2,1.22
102,Kyle Kuzma,PF,WAS,70,33.4,0.449 (6.1/13.5),0.712 (2.5/3.4),1.9,16.5,8.1,3.1,0.6,0.9,1.19
103,JaVale McGee,C,DAL,76,22.2,0.580 (5.1/8.8),0.712 (1.5/2.1),0,11.8,8.8,0.9,0.4,1.4,1.15
104,Monte Morris,PG,WAS,72,28,0.479 (4.8/10.0),0.858 (1.2/1.4),1.8,12.6,3,6.2,0.8,0.2,1.1
105,Tre Jones,PG,SAS,71,30,0.475 (4.7/10.0),0.832 (2.0/2.4),0.7,12.2,4,6.2,1.1,0.2,1.02
106,Herbert Jones,"SF,PF",NOP,76,30,0.473 (3.6/7.6),0.860 (1.8/2.1),0.7,9.7,3.9,2,1.5,0.7,0.9
107,Jarred Vanderbilt,PF,UTA,70,28,0.576 (3.8/6.6),0.663 (1.3/2.0),0,8.9,9.4,1.5,1.3,0.7,0.88
108,Bobby Portis,"PF,C",MIL,72,26.6,0.479 (5.5/11.4),0.742 (1.1/1.5),1.8,13.8,8.6,1.1,0.7,0.7,0.85
109,Collin Sexton,"PG,SG",UTA,72,33.7,0.460 (8.3/18.1),0.802 (3.5/4.4),1.3,21.5,3.4,4.1,1,0.1,0.8
110,Jalen Green,SG,HOU,72,33.9,0.438 (7.6/17.4),0.802 (3.0/3.8),2.7,20.9,3.7,3.1,0.8,0.3,0.76
111,Dorian Finney-Smith,"SF,PF",DAL,80,32.1,0.476 (4.5/9.5),0.778 (0.8/1.0),2.2,12,4.7,1.9,1.1,0.5,0.74
112,Anfernee Simons ,"PG,SG",POR,70,32.1,0.443 (6.9/15.5),0.901 (2.0/2.2),3,18.8,3,3.3,0.6,0.1,0.73
113,Clint Capela,C,ATL,72,26.9,0.610 (5.0/8.1),0.478 (1.1/2.3),0,11,11.8,1.2,0.7,1.3,0.68
114,Bogdan Bogdanovic ,"SG,SF",ATL,65,30.1,0.435 (5.3/12.2),0.834 (1.5/1.8),2.6,14.7,3.9,2.9,1.1,0.2,0.56
115,Spencer Dinwiddie,"PG,SG",DAL,70,31.7,0.439 (5.4/12.3),0.773 (3.2/4.2),1.9,15.9,4.6,5.7,0.8,0.2,0.54
116,Cameron Johnson,"SF,PF",PHX,66,28.2,0.456 (4.6/10.1),0.854 (1.6/1.9),2.6,13.4,4.5,1.6,1,0.2,0.52
117,Bones Hyland,"PG,SG",DEN,72,24,0.436 (4.0/9.3),0.862 (2.0/2.3),2.4,12.4,3.5,3.6,0.8,0.4,0.45
118,Malcolm Brogdon,"PG,SG",BOS,60,27.6,0.451 (5.7/12.7),0.840 (3.4/4.0),1.3,16.1,4.3,3.9,0.7,0.3,0.39
119,Nicolas Claxton,C,BRO,69,27.1,0.636 (4.6/7.3),0.599 (1.6/2.7),0,10.8,7.5,1.2,0.7,1.5,0.37
120,Cody Martin,"SG,SF",CHA,73,28.4,0.478 (4.0/8.3),0.736 (1.3/1.7),1.1,10.3,4.8,2.9,1.3,0.6,0.28
121,Kendrick Nunn,"PG,SG",LAL,60,27,0.483 (5.3/11.0),0.903 (0.9/1.0),2.1,13.6,3,2.4,0.9,0.3,0.27
122,Jalen Smith,"PF,C",IND,72,28.1,0.480 (5.1/10.5),0.757 (2.1/2.8),1.3,13.5,7.5,0.8,0.5,1.1,0.26
123,Jalen Suggs ,"PG,SG",ORL,70,30,0.428 (4.6/10.7),0.764 (2.9/3.8),1,13.1,3.9,5.1,1.3,0.5,0.22
124,Aaron Gordon,"SF,PF",DEN,76,31.7,0.512 (5.5/10.8),0.744 (2.4/3.2),1.2,14.6,5.8,2.5,0.6,0.6,0.2
125,De'Anthony Melton,"PG,SG",PHI,73,25.1,0.411 (4.4/10.7),0.799 (1.3/1.6),2,12.1,4.1,2.7,1.3,0.6,0.1
126,Norman Powell,"SG,SF",LAC,68,27.1,0.463 (5.3/11.4),0.825 (3.6/4.3),2.1,16.2,2.7,1.8,0.8,0.4,0.07
127,Daniel Gafford,C,WAS,72,22.1,0.643 (4.0/6.3),0.703 (1.7/2.4),0,9.7,6.4,1,0.5,1.4,0.05
128,Harrison Barnes,"SF,PF",SAC,77,31.6,0.473 (4.7/9.8),0.823 (3.7/4.5),1.7,14.7,5,2.3,0.7,0.2,0.04
129,Patrick Williams,PF,CHI,70,28.9,0.511 (3.8/7.4),0.747 (2.1/2.9),1.3,11,4.9,1.1,1.1,0.7,-0.05
130,Mitchell Robinson,C,NYK,70,25.3,0.725 (3.6/5.0),0.478 (1.2/2.5),0,8.4,8.6,0.5,0.8,1.7,-0.09
131,Andrew Wiggins,"SF,PF",GSW,73,32,0.458 (6.1/13.4),0.660 (2.0/3.0),2.2,16.5,4.6,2.2,1,0.7,-0.11
132,Kentavious Caldwell-Pope,"SG,SF",DEN,73,28.8,0.436 (4.6/10.5),0.902 (1.8/1.9),2,12.9,3.3,1.8,1.1,0.3,-0.16
134,Otto Porter Jr.,"SF,PF",TOR,63,22.2,0.470 (3.2/6.7),0.804 (0.8/1.0),1.3,8.5,5.9,1.5,1.1,0.5,-0.31
135,Dillon Brooks,"SG,SF",MEM,67,29.8,0.422 (7.5/17.8),0.848 (3.1/3.6),1.5,19.6,3.5,2.4,1,0.3,-0.33
136,Gary Payton II,"PG,SG",POR,70,20.9,0.612 (3.6/5.9),0.667 (0.6/0.9),0.7,8.5,4.2,1.1,1.4,0.4,-0.37
137,Markelle Fultz,"PG,SG",ORL,68,27.7,0.464 (5.9/12.8),0.824 (1.8/2.2),0.3,14,3.5,5,1,0.3,-0.4
138,Matisse Thybulle,"SG,SF",PHI,68,24.6,0.499 (2.3/4.5),0.754 (0.5/0.6),0.7,5.7,2.3,1.1,1.6,1.1,-0.41
139,Mo Bamba,C,ORL,70,20.4,0.483 (3.4/7.0),0.802 (0.7/0.8),1.2,8.6,6.5,1,0.4,1.2,-0.54
141,Reggie Jackson,"PG,SG",LAC,76,28,0.443 (5.9/13.2),0.821 (1.7/2.0),2,15.4,3.3,4.4,0.6,0.2,-0.62
142,Bruce Brown,"SF,PF",DEN,72,24.1,0.514 (3.6/6.9),0.758 (1.4/1.8),0.5,9,4.8,2.1,1.1,0.7,-0.63
143,Derrick White,"PG,SG",BOS,70,25.5,0.420 (4.0/9.5),0.843 (2.3/2.7),1.3,11.6,3.1,3.3,0.8,0.7,-0.66
144,Jae'Sean Tate,"SF,PF",HOU,78,26.4,0.499 (4.8/9.6),0.706 (1.7/2.5),0.8,12.1,5.5,2.9,0.9,0.5,-0.67
145,Jaden McDaniels,"SF,PF",MIN,70,29.9,0.456 (4.3/9.3),0.788 (0.9/1.2),1.3,10.8,4.6,1.3,0.8,1,-0.67
146,Alex Caruso,"PG,SG",CHI,69,26.1,0.433 (2.5/5.9),0.778 (1.3/1.7),1,7.4,3.4,3.8,1.5,0.4,-0.68
147,Bojan Bogdanovic,"SF,PF",UTA,69,29,0.452 (5.8/12.9),0.857 (3.1/3.6),2.5,17.2,4,1.6,0.5,0,-0.68
148,Nassir Little ,"SF,PF",POR,60,26.9,0.467 (3.7/8.0),0.762 (1.7/2.2),1.3,10.4,5.9,1.4,0.6,1,-0.69
149,Cole Anthony,PG,ORL,68,28.2,0.400 (5.0/12.5),0.845 (3.0/3.5),1.8,14.8,4.5,4,0.6,0.3,-0.76
150,Caleb Martin,"SF,PF",MIA,68,24,0.503 (3.7/7.4),0.778 (1.3/1.7),1.2,10,4.2,1.2,1.1,0.5,-0.82
151,Luguentz Dort ,"SG,SF",OKL,60,31.7,0.409 (5.4/13.3),0.840 (3.0/3.6),2.2,16.1,3.8,1.6,0.8,0.4,-0.82
152,Seth Curry ,"PG,SG",BRO,64,27.2,0.482 (4.7/9.6),0.864 (1.1/1.3),2.1,12.5,2.6,3,0.7,0.2,-0.91
153,Kelly Oubre Jr.,"SG,SF",CHA,77,29.5,0.439 (5.8/13.3),0.679 (1.8/2.7),2.7,16.2,4.2,1.2,1.1,0.4,-0.93
154,Chris Duarte,"SG,SF",IND,72,29.1,0.434 (5.2/11.9),0.801 (1.7/2.1),1.8,13.9,4.3,2.2,1.1,0.2,-0.93
155,Isaiah Stewart,C,DET,72,25.6,0.496 (3.9/7.8),0.727 (1.2/1.7),0.7,9.6,8,1.2,0.3,1.1,-0.94
156,Mason Plumlee,C,CHA,72,24.8,0.637 (2.9/4.5),0.567 (0.9/1.6),0,6.7,7.5,3.2,0.8,0.7,-1
157,Victor Oladipo,"SG,SF",MIA,64,25.5,0.445 (5.3/11.9),0.751 (2.2/2.9),2.3,15.1,3.5,4,0.7,0.1,-1.02
158,Kevin Huerter,"SG,SF",SAC,72,28.6,0.456 (4.6/10.2),0.808 (0.6/0.7),2.2,12,3.4,2.7,0.7,0.4,-1.05
159,Darius Bazley,"SF,PF",OKL,69,28,0.425 (4.1/9.6),0.716 (1.7/2.4),1.2,11.2,6.5,1.4,0.8,1,-1.08
160,Pat Connaughton,"SG,SF",MIL,69,26,0.461 (3.6/7.8),0.824 (0.7/0.9),2.4,10.2,4.3,1.3,0.9,0.2,-1.08
161,Chuma Okeke,PF,ORL,70,22.3,0.403 (2.8/7.0),0.830 (0.7/0.9),1.6,7.9,4.6,1.6,1.3,0.6,-1.09
162,Andre Drummond,C,CHI,77,18.1,0.577 (3.2/5.5),0.554 (1.1/2.0),0,7.5,8.7,1.7,1,0.8,-1.13
163,Will Barton,"SG,SF",WAS,68,27.1,0.436 (4.7/10.8),0.795 (1.2/1.5),1.9,12.5,4.1,3.4,0.7,0.3,-1.17
164,Damian Jones,C,LAL,60,20.1,0.647 (3.5/5.4),0.736 (1.9/2.6),0.2,9.1,4.9,1.3,0.6,0.9,-1.19
165,Jonathan Isaac ,"SF,PF",ORL,38,20.1,0.457 (3.2/7.0),0.753 (1.3/1.7),0.6,8.3,4.7,1,0.9,1.2,-1.19
166,Immanuel Quickley,"PG,SG",NYK,77,23.4,0.415 (4.0/9.6),0.885 (2.4/2.7),1.9,12.3,3.3,3.6,0.7,0,-1.26
167,Isaiah Jackson,"PF,C",IND,70,24.2,0.578 (4.2/7.3),0.610 (1.8/2.9),0.2,10.4,6.6,0.5,0.7,1.4,-1.27
168,Jae Crowder,"SF,PF",PHX,67,25.8,0.396 (3.0/7.5),0.773 (1.0/1.3),1.8,8.8,4.8,1.8,1.3,0.4,-1.27
169,Quentin Grimes,"SG,SF",NYK,68,25.4,0.424 (4.0/9.5),0.814 (1.4/1.8),2.4,11.9,3.1,1.5,1,0.3,-1.27
170,Isaiah Livers,"SG,SF",DET,70,23.4,0.469 (2.8/5.9),0.854 (0.8/0.9),1.8,8.1,3.8,1.4,0.9,0.5,-1.32
171,Grayson Allen ,"SG,SF",MIL,66,27.4,0.443 (4.0/9.0),0.868 (1.1/1.2),2.5,11.5,3.5,1.5,0.7,0.3,-1.32
172,RJ Barrett,SF,NYK,72,34.6,0.432 (7.0/16.1),0.719 (4.0/5.6),2.1,20,5.9,3.1,0.7,0.3,-1.32
173,Aleksej Pokusevski,"SF,PF,C",OKL,64,25,0.413 (3.9/9.4),0.743 (0.8/1.0),1.1,9.7,6.5,2.6,0.8,0.8,-1.33
174,Thomas Bryant,C,LAL,68,22.4,0.528 (4.2/7.9),0.759 (1.6/2.2),0.4,10.4,5.8,1.3,0.3,1.1,-1.37
175,Paul Reed,"PF,C",PHI,68,14.1,0.561 (2.5/4.5),0.500 (0.4/0.7),0.2,5.6,4.5,0.7,1.6,0.7,-1.41
176,Steven Adams,C,MEM,76,26.3,0.550 (2.9/5.2),0.540 (1.4/2.7),0,7.2,9.9,3.2,0.9,0.8,-1.43
177,Russell Westbrook,PG,LAL,78,31.1,0.443 (6.2/14.1),0.669 (3.0/4.5),0.9,16.4,6.3,6,0.9,0.3,-1.44
178,Killian Hayes,"PG,SG",DET,69,24.9,0.407 (3.1/7.6),0.813 (0.9/1.1),0.7,7.8,3.2,4.3,1.2,0.5,-1.48
179,Grant Williams,"SF,PF",BOS,76,26.3,0.481 (2.9/6.1),0.878 (1.2/1.3),1.5,8.5,3.8,1.1,0.5,0.8,-1.52
180,Kevin Love,"PF,C",CLE,68,22.5,0.427 (4.0/9.3),0.816 (2.0/2.4),2.3,12.2,6.6,2,0.4,0.2,-1.53
181,Derrick Rose,PG,NYK,40,21.4,0.448 (4.2/9.4),0.870 (1.1/1.2),1.3,10.7,2.7,3.6,0.7,0.5,-1.61
182,Tim Hardaway Jr. ,"SG,SF",DAL,70,28.1,0.424 (5.4/12.8),0.774 (1.9/2.5),2.4,15.1,3.7,2.2,0.9,0.1,-1.65
183,Cameron Payne,"PG,SG",PHX,60,22.1,0.424 (4.2/9.8),0.868 (1.3/1.5),1.2,10.9,3.1,4.6,0.7,0.3,-1.65
184,Marvin Bagley III,"PF,C",DET,69,27.4,0.505 (6.0/11.9),0.669 (1.8/2.7),0.6,14.4,7.6,1,0.6,0.5,-1.68
185,Walker Kessler,"PF,C",UTA,69,24,0.514 (3.9/7.5),0.578 (1.2/2.0),0.2,9.1,5.5,0.6,0.8,1.6,-1.71
186,Bennedict Mathurin,"SG,SF",IND,72,30.1,0.443 (5.6/12.5),0.776 (2.2/2.8),1.9,15.2,3.6,1.8,0.8,0.3,-1.76
187,Kyle Anderson,"SF,PF",MIN,69,21.1,0.441 (3.0/6.8),0.690 (1.0/1.5),0.5,7.5,5.3,2.7,1.1,0.7,-1.76
188,Deni Avdija,"SF,PF",WAS,80,25.2,0.437 (3.7/8.5),0.773 (1.4/1.8),1.2,10.1,5.4,2.1,0.7,0.5,-1.83
189,Royce O'Neale,"SG,SF",BRO,76,27.4,0.448 (2.3/5.2),0.806 (0.5/0.7),1.4,6.6,4.2,2.2,1,0.4,-1.87
190,Delon Wright,"PG,SG",WAS,74,21.1,0.458 (2.4/5.3),0.879 (0.8/0.9),0.7,6.4,3.2,2.7,1.3,0.2,-1.89
191,John Wall,PG,LAC,58,24,0.421 (5.1/12.0),0.748 (2.4/3.2),1.5,14,2.4,4,0.8,0.5,-1.89
192,Jordan Clarkson,"PG,SG",UTA,72,25,0.418 (5.5/13.2),0.820 (1.7/2.1),2.3,15,3.2,2.3,0.8,0.2,-1.89
193,Mark Williams,C,CHA,72,23.5,0.642 (3.1/4.8),0.672 (0.9/1.3),0,7.1,5,0.5,0.3,1.4,-1.91
194,Talen Horton-Tucker,"SG,SF",UTA,65,25.2,0.428 (3.8/8.8),0.808 (1.7/2.1),0.8,10.1,3.3,2.8,1,0.5,-1.94
195,Jaden Ivey,"PG,SG",DET,73,28.8,0.448 (5.2/11.7),0.742 (3.9/5.3),1.7,16,3.5,2.8,0.7,0.4,-1.95
196,Josh Hart,"SG,SF",POR,67,27.8,0.448 (4.0/9.0),0.769 (2.6/3.3),1.2,11.8,5,2.2,0.9,0.2,-1.98
197,Jaxson Hayes,"PF,C",NOP,70,19.1,0.614 (3.4/5.6),0.778 (1.8/2.3),0.3,8.9,4.4,0.6,0.5,0.8,-2.05
198,Jonathan Kuminga,"PF,C",GSW,72,25.6,0.504 (4.8/9.5),0.715 (2.2/3.1),1.1,12.9,5.2,1.4,0.6,0.5,-2.14
199,Josh Richardson,"SG,SF",SAS,65,22.7,0.438 (3.4/7.7),0.887 (1.4/1.6),1.5,9.7,2.6,1.7,0.8,0.4,-2.16
200,De'Andre Hunter,"SF,PF",ATL,69,30.4,0.459 (3.7/8.1),0.804 (2.1/2.6),1.5,10.9,3.4,1.4,0.7,0.4,-2.19